,negative,neutral,positive,rate
Android,558,2598,530,0.949820789
BlackBerry,196,296,198,1.010204082
iOS,36,16,34,0.944444444
