,negative,neutral,positive,
Android,58,380,66,1.137931034
Blackberry,14,43,0,0
iOS,72,1353,46,0.638888889
