{
  "Osasuna": {
    "2012-13": {
      "AW%": 0.2, 
      "HW%": 0.29411764705882354
    }
  }, 
  "Granada": {
    "2012-13": {
      "AW%": 0.25, 
      "HW%": 0.1875
    }
  }, 
  "Real Zaragoza": {
    "2012-13": {
      "AW%": 0.23529411764705882, 
      "HW%": 0.2
    }
  }, 
  "Racing Santander": {
    "2011-12": {
      "AW%": 0.05263157894736842, 
      "HW%": 0.15789473684210525
    }
  }, 
  "Real Sociedad": {
    "2012-13": {
      "AW%": 0.375, 
      "HW%": 0.5625
    }
  }, 
  "Xerez": {
    "2009-10": {
      "AW%": 0.10526315789473684, 
      "HW%": 0.3157894736842105
    }
  }, 
  "Real Betis": {
    "2012-13": {
      "AW%": 0.4375, 
      "HW%": 0.4375
    }
  }, 
  "Valencia": {
    "2012-13": {
      "AW%": 0.26666666666666666, 
      "HW%": 0.6470588235294118
    }
  }, 
  "C\u00c3\u00a1diz": {
    "2005-06": {
      "AW%": 0.21052631578947367, 
      "HW%": 0.21052631578947367
    }
  }, 
  "Mallorca": {
    "2012-13": {
      "AW%": 0.125, 
      "HW%": 0.3125
    }
  }, 
  "Espanyol": {
    "2012-13": {
      "AW%": 0.3125, 
      "HW%": 0.375
    }
  }, 
  "Getafe": {
    "2012-13": {
      "AW%": 0.25, 
      "HW%": 0.5
    }
  }, 
  "Sporting Gijon": {
    "2011-12": {
      "AW%": 0.15789473684210525, 
      "HW%": 0.3684210526315789
    }
  }, 
  "Villarreal": {
    "2011-12": {
      "AW%": 0.15789473684210525, 
      "HW%": 0.3157894736842105
    }
  }, 
  "Recreativo Huelva": {
    "2008-09": {
      "AW%": 0.21052631578947367, 
      "HW%": 0.21052631578947367
    }
  }, 
  "Real Madrid": {
    "2012-13": {
      "AW%": 0.5, 
      "HW%": 0.875
    }
  }, 
  "Atletico Madrid": {
    "2012-13": {
      "AW%": 0.4375, 
      "HW%": 0.875
    }
  }, 
  "Alav\u00c3\u00a9s": {
    "2005-06": {
      "AW%": 0.15789473684210525, 
      "HW%": 0.3157894736842105
    }
  }, 
  "Rayo Vallecano": {
    "2012-13": {
      "AW%": 0.3125, 
      "HW%": 0.5625
    }
  }, 
  "Celta Vigo": {
    "2012-13": {
      "AW%": 0.0625, 
      "HW%": 0.375
    }
  }, 
  "Malaga": {
    "2012-13": {
      "AW%": 0.375, 
      "HW%": 0.5
    }
  }, 
  "Athletic Bilbao": {
    "2012-13": {
      "AW%": 0.1875, 
      "HW%": 0.4375
    }
  }, 
  "Murcia": {
    "2007-08": {
      "AW%": 0.05263157894736842, 
      "HW%": 0.3157894736842105
    }
  }, 
  "Barcelona": {
    "2012-13": {
      "AW%": 0.75, 
      "HW%": 0.9375
    }
  }, 
  "Gimnastic de Tarragona": {
    "2006-07": {
      "AW%": 0.15789473684210525, 
      "HW%": 0.21052631578947367
    }
  }, 
  "Tenerife": {
    "2009-10": {
      "AW%": 0.05263157894736842, 
      "HW%": 0.42105263157894735
    }
  }, 
  "Numancia": {
    "2008-09": {
      "AW%": 0.05263157894736842, 
      "HW%": 0.47368421052631576
    }
  }, 
  "Real Valladolid": {
    "2012-13": {
      "AW%": 0.25, 
      "HW%": 0.375
    }
  }, 
  "Albacete": {
    "2004-05": {
      "AW%": 0.10526315789473684, 
      "HW%": 0.21052631578947367
    }
  }, 
  "Deportivo La Coru\u00c3\u00b1a": {
    "2012-13": {
      "AW%": 0.125, 
      "HW%": 0.3125
    }
  }, 
  "Hercules": {
    "2010-11": {
      "AW%": 0.10526315789473684, 
      "HW%": 0.3684210526315789
    }
  }, 
  "Sevilla FC": {
    "2012-13": {
      "AW%": 0.0625, 
      "HW%": 0.6875
    }
  }, 
  "Levante": {
    "2012-13": {
      "AW%": 0.17647058823529413, 
      "HW%": 0.5333333333333333
    }
  }, 
  "Almeria": {
    "2010-11": {
      "AW%": 0.15789473684210525, 
      "HW%": 0.15789473684210525
    }
  }
}